{"cameraMode":{"drawMode":0,"name":"Shaded","section":"Shading Mode"},"sceneLighting":true,"audioPlay":false,"sceneViewState":{"m_AlwaysRefresh":false,"showFog":true,"showSkybox":true,"showFlares":true,"showImageEffects":true,"showParticleSystems":true,"showVisualEffectGraphs":true,"m_FxEnabled":true},"in2DMode":false,"pivot":{"x":12.327184677124024,"y":5.804978370666504,"z":-7.674271583557129},"rotation":{"x":0.17669163644313813,"y":-0.6755845546722412,"z":0.17178812623023988,"w":0.6948873996734619},"size":3.7162904739379885,"orthographic":false}